"cpu","memory","averagert","trueparallel","maxrt","totalrequests","loadgeneratorinstances","appinstances","testround","loadgeneratorparallel","apptype"
97.78,88.50,23.1553320984387404,62.7046393225721089,267.00,162497,32,1,9,1,"node"
103.96,85.50,20.3428718534049601,54.6409537982457228,1033.00,161206,28,1,8,1,"node"
103.42,87.40,17.9893941436669812,46.7004671969594832,219.00,155763,24,1,7,1,"node"
93.42,87.90,17.0573850286559167,38.8396657102495223,1019.00,136621,20,1,6,1,"node"
103.42,89.90,15.9425884046052632,31.0083344469572369,1015.00,116736,16,1,5,1,"node"
92.97,88.90,13.6604754682791357,23.1135244923282976,220.00,101542,12,1,4,1,"node"
83.08,87.80,10.1340182115339715,15.1908932990894233,303.00,89943,8,1,3,1,"node"
53.514,88.70,9.0549578016879325,7.5427798488060478,281.00,50002,4,1,2,1,"node"
12.814,87.10,8.9223568281938326,1.8826172907488987,260.00,12712,1,1,1,1,"node"
